Name,Gender,Maths,Physics,Chemistry,English,Biology,Economics,History,Total,Percentage
John,M,55,45,56,87,21,52,89,405,57.85714286
Suresh,M,75,55,50,64,90,61,58,453,64.71428571
Ramesh,M,25,54,89,76,95,87,56,482,68.85714286
Jessica,F,78,55,86,63,54,89,75,500,71.42857143
Jennifer,F,58,96,78,46,96,77,83,534,76.28571429
